-- H2 2.2.224; 
;              
CREATE USER IF NOT EXISTS "TCRS" SALT '2c98b2a73c9cb4e6' HASH '18f0ddf34defc35764d884a53cac876bccce3501c2d4127a33ce0750b7467a66' ADMIN;        
CREATE SCHEMA IF NOT EXISTS "TCRS" AUTHORIZATION "TCRS";       
CREATE CACHED TABLE "TCRS"."VEHICLEINFO"(
    "VIN" CHARACTER VARYING(25) NOT NULL,
    "LICENSEPLATE" CHARACTER VARYING(255),
    "MAKE" CHARACTER VARYING(255),
    "MODEL" CHARACTER VARYING(255),
    "CARYEAR" INTEGER,
    "REGISTEREDSTATUS" CHARACTER VARYING(255)
);  
ALTER TABLE "TCRS"."VEHICLEINFO" ADD CONSTRAINT "TCRS"."CONSTRAINT_8" PRIMARY KEY("VIN");      
-- 47 +/- SELECT COUNT(*) FROM TCRS.VEHICLEINFO;               
INSERT INTO "TCRS"."VEHICLEINFO" VALUES
('123456789ABCDEFGH', 'ABCD123', 'Honda', 'Civic', 2020, 'Valid'),
('23456789ABCDEFGHI', 'BCDE234', 'Toyota', 'Corolla', 2019, 'Valid'),
('3456789ABCDEFGH1', 'CDEF345', 'Ford', 'Fusion', 2018, 'Valid'),
('456789ABCDEFGHI12', 'DEFG456', 'Chevrolet', 'Impala', 2017, 'Valid'),
('56789ABCDEFGHI123', 'EFGH567', 'Subaru', 'Outback', 2016, 'Valid'),
('6789ABCDEFGHI1234', 'FGHI678', 'Hyundai', 'Elantra', 2015, 'Valid'),
('789ABCDEFGHI12345', 'GHIJ789', 'Nissan', 'Altima', 2014, 'Valid'),
('89ABCDEFGHI123456', 'HIJK890', 'Mazda', 'Mazda3', 2013, 'Valid'),
('9ABCDEFGHI1234567', 'IJKL901', 'Volvo', 'S60', 2012, 'Not Valid'),
('ABCDEFGHI12345678', 'JKLM012', 'Jeep', 'Cherokee', 2011, 'Valid'),
('BCDEFGHI123456789', 'KLMN123', 'BMW', '3 Series', 2010, 'Valid'),
('CDEFGHI1234567890', 'LMNO234', 'Audi', 'A4', 2009, 'Valid'),
('DEFGHI12345678901', 'MNOP345', 'Mercedes-Benz', 'C-Class', 2008, 'Valid'),
('EFGHI123456789012', 'NOPQ456', 'Lexus', 'IS', 2007, 'Valid'),
('FGHI1234567890123', 'OPQR567', 'Infiniti', 'G37', 2006, 'Valid'),
('GHI12345678901234', 'PQRS678', 'Chrysler', '300', 2005, 'Valid'),
('HI123456789012345', 'QRST789', 'Dodge', 'Charger', 2004, 'Valid'),
('I1234567890123456', 'RSTU890', 'Buick', 'LaCrosse', 2003, 'Valid'),
('1234567890123450', 'STUV901', 'Lincoln', 'MKZ', 2002, 'Valid'),
('12345678901234505', 'TUVW012', 'Cadillac', 'CTS', 2001, 'Valid'),
('23456789012345600', 'UVWX123', 'Porsche', 'Panamera', 2000, 'Valid'),
('34567890123456707', 'VWXY234', 'Mini', 'Cooper', 1999, 'Valid'),
('45678901234567800', 'WXYZ345', 'Tesla', 'Model S', 1998, 'Valid'),
('56789012345678900', 'XYZA456', 'Volkswagen', 'Passat', 1997, 'Valid'),
('67890123456789000', 'YZAB567', 'Mercury', 'Grand Marquis', 1996, 'Valid'),
('78901234567890100', 'ZABC678', 'Buick', 'Regal', 1995, 'Valid'),
('89012345678901200', 'ABCD789', 'Toyota', 'Camry', 1994, 'Valid'),
('90123456789012300', 'BCDE890', 'Honda', 'Accord', 1993, 'Valid'),
('1234567890123450A', 'CDEF901', 'Ford', 'Taurus', 1992, 'Valid'),
('1234567890123450B', 'DEFG012', 'Chevrolet', 'Malibu', 1991, 'Not Valid'),
('2345678901234560A', 'EFGH123', 'Subaru', 'Legacy', 1990, 'Valid'),
('3456789012345670B', 'FGHI234', 'Hyundai', 'Sonata', 1989, 'Valid'),
('4567890123456780C', 'GHIJ345', 'Nissan', 'Maxima', 1988, 'Valid'),
('5678901234567890D', 'HIJK456', 'Mazda', 'Mazda6', 1987, 'Valid'),
('6789012345678900E', 'IJKL567', 'Volvo', 'S80', 1986, 'Valid'),
('7890123456789010F', 'JKLM678', 'Jeep', 'Grand Cherokee', 1985, 'Valid'),
('8901234567890121G', 'KLMN789', 'BMW', '5 Series', 1984, 'Valid'),
('9012345678901232H', 'LMNO890', 'Audi', 'A6', 1983, 'Valid'),
('1234567890123453I', 'MNOP901', 'Mercedes-Benz', 'E-Class', 1982, 'Valid'),
('1234567890123450C', 'NOPQ012', 'Lexus', 'ES', 1981, 'Valid'),
('1234567890123450D', 'OPQR123', 'Infiniti', 'Q50', 1980, 'Valid'),
('2345678901234560E', 'PQRS234', 'Chrysler', '200', 1979, 'Not Valid'),
('3456789012345670F', 'QRST345', 'Dodge', 'Intrepid', 1978, 'Valid'),
('4567890123456780G', 'RSTU456', 'Buick', 'Century', 1977, 'Valid'),
('5678901234567890H', 'STUV567', 'Oldsmobile', 'Cutlass Supreme', 1976, 'Valid'),
('6789012345678900I', 'TUVW678', 'Pontiac', 'Grand Prix', 1975, 'Valid'),
('7890123456789010J', 'UVWX789', 'Lincoln', 'Continental', 1974, 'Valid');              
CREATE CACHED TABLE "TCRS"."DRIVERINFO"(
    "FIRSTNAME" CHARACTER VARYING(255),
    "LASTNAME" CHARACTER VARYING(255),
    "LICENSEPLATE" CHARACTER VARYING(255),
    "LICENSENUMBER" CHARACTER VARYING(255) NOT NULL,
    "LICENSESTATUS" CHARACTER VARYING(255),
    "DEMERITPOINTS" INTEGER
);             
ALTER TABLE "TCRS"."DRIVERINFO" ADD CONSTRAINT "TCRS"."CONSTRAINT_4" PRIMARY KEY("LICENSENUMBER");             
-- 46 +/- SELECT COUNT(*) FROM TCRS.DRIVERINFO;
INSERT INTO "TCRS"."DRIVERINFO" VALUES
('John', 'Smith', 'ABCD123', 'A12345678912345', 'Valid', 2),
('Jane', 'Doe', 'EFGH456', 'B23456789023456', 'Valid', 3),
('Michael', 'Johnson', 'IJKL789', 'C34567890134567', 'Valid', 1),
('Emily', 'Williams', 'MNOP012', 'D45678901245678', 'Valid', 0),
('Christopher', 'Brown', 'QRST234', 'E56789012356789', 'not valid', 5),
('Amanda', 'Jones', 'UVWX345', 'F67890123467890', 'Valid', 4),
('David', 'Davis', 'YZAB456', 'G78901234578901', 'Valid', 0),
('Jessica', 'Miller', 'BCDE567', 'H89012345689012', 'Valid', 2),
('Matthew', 'Wilson', 'CDEF678', 'I90123456790123', 'Valid', 1),
('Sarah', 'Taylor', 'DEFG789', 'J01234567801234', 'Valid', 3),
('Nicholas', 'Anderson', 'EFGH890', 'K12345678912345', 'Valid', 0),
('Elizabeth', 'Thomas', 'IJKL901', 'L23456789023456', 'Valid', 1),
('Andrew', 'Jackson', 'MNOP123', 'M34567890134567', 'Valid', 4),
('Jennifer', 'White', 'QRST234', 'N45678901245678', 'Valid', 2),
('Joshua', 'Harris', 'UVWX345', 'O56789012356789', 'Valid', 3),
('Samantha', 'Martin', 'YZAB456', 'P67890123467890', 'Valid', 1),
('Daniel', 'Thompson', 'BCDE567', 'Q78901234578901', 'Valid', 0),
('Ashley', 'Garcia', 'CDEF678', 'R89012345689012', 'Valid', 5),
('William', 'Martinez', 'DEFG789', 'S90123456790123', 'Valid', 2),
('Emily', 'Robinson', 'EFGH890', 'T01234567801234', 'Valid', 3),
('Christopher', 'Clark', 'IJKL901', 'U12345678912345', 'Valid', 0),
('Madison', 'Rodriguez', 'MNOP123', 'V23456789023456', 'Valid', 1),
('Joseph', 'Lewis', 'QRST234', 'W34567890134567', 'Valid', 2),
('Olivia', 'Lee', 'UVWX345', 'X45678901245678', 'Valid', 4),
('Andrew', 'Walker', 'YZAB456', 'Y56789012356789', 'Valid', 0),
('Emma', 'Hall', 'BCDE567', 'Z67890123467890', 'Valid', 3),
('Jacob', 'Allen', 'CDEF678', 'A78901234578901', 'Valid', 1),
('Abigail', 'Young', 'DEFG789', 'B90123456790123', 'not valid', 0),
('David', 'Hernandez', 'EFGH890', 'C01234567801234', 'Valid', 2),
('Sophia', 'King', 'IJKL901', 'D12345678912345', 'Valid', 4),
('Isabella', 'Wright', 'MNOP123', 'E23456789023456', 'Valid', 3),
('James', 'Lopez', 'QRST234', 'F34567890134567', 'Valid', 1),
('Grace', 'Hill', 'UVWX345', 'G45678901245678', 'Valid', 0),
('Logan', 'Scott', 'YZAB456', 'H56789012356789', 'Valid', 2),
('Benjamin', 'Green', 'BCDE567', 'I67890123467890', 'Valid', 5),
('Mia', 'Adams', 'CDEF678', 'J78901234578901', 'Valid', 3),
('Avery', 'Baker', 'DEFG789', 'K90123456790123', 'Valid', 4),
('Ethan', 'Gonzalez', 'EFGH890', 'L01234567801234', 'not valid', 0),
('Harper', 'Nelson', 'IJKL901', 'M12345678912345', 'Valid', 1),
('Evelyn', 'Carter', 'MNOP123', 'N23456789023456', 'Valid', 2),
('Alexander', 'Mitchell', 'QRST234', 'O34567890134567', 'Valid', 3),
('Charlotte', 'Perez', 'UVWX345', 'P45678901245678', 'Valid', 0),
('Liam', 'Roberts', 'YZAB456', 'Q56789012356789', 'Valid', 1),
('Ella', 'Turner', 'BCDE567', 'R67890123467890', 'Valid', 4),
('Noah', 'Phillips', 'CDEF678', 'S78901234578901', 'Valid', 2),
('Scarlett', 'Campbell', 'DEFG789', 'T90123456790123', 'Valid', 3);  
CREATE CACHED TABLE "TCRS"."OFFICERINFO"(
    "LASTNAME" CHARACTER VARYING(255),
    "FIRSTNAME" CHARACTER VARYING(255),
    "BADGENUMBER" CHARACTER VARYING(10) NOT NULL
);   
ALTER TABLE "TCRS"."OFFICERINFO" ADD CONSTRAINT "TCRS"."CONSTRAINT_3" PRIMARY KEY("BADGENUMBER");              
-- 50 +/- SELECT COUNT(*) FROM TCRS.OFFICERINFO;               
INSERT INTO "TCRS"."OFFICERINFO" VALUES
('Smith', 'John', '10001'),
('Johnson', 'David', '10002'),
('Williams', 'Chris', '10003'),
('Brown', 'Mike', '10004'),
('Jones', 'Sarah', '10005'),
('Garcia', 'Robert', '10006'),
('Miller', 'Jennifer', '10007'),
('Davis', 'Patricia', '10008'),
('Rodriguez', 'James', '10009'),
('Martinez', 'Linda', '10010'),
('Hernandez', 'Elizabeth', '10011'),
('Lopez', 'Michael', '10012'),
('Gonzalez', 'William', '10013'),
('Wilson', 'Jessica', '10014'),
('Anderson', 'Matthew', '10015'),
('Thomas', 'Ashley', '10016'),
('Taylor', 'Brian', '10017'),
('Moore', 'Laura', '10018'),
('Jackson', 'Kevin', '10019'),
('Martin', 'Karen', '10020'),
('Lee', 'Richard', '10021'),
('Perez', 'Donna', '10022'),
('Thompson', 'Steven', '10023'),
('White', 'Carol', '10024'),
('Harris', 'Mark', '10025'),
('Sanchez', 'Kimberly', '10026'),
('Clark', 'Jeffrey', '10027'),
('Ramirez', 'Angela', '10028'),
('Lewis', 'Edward', '10029'),
('Robinson', 'Mary', '10030'),
('Walker', 'Daniel', '10031'),
('Young', 'Barbara', '10032'),
('Allen', 'Joshua', '10033'),
('King', 'Dorothy', '10034'),
('Wright', 'George', '10035'),
('Scott', 'Nancy', '10036'),
('Green', 'Justin', '10037'),
('Adams', 'Rebecca', '10038'),
('Baker', 'Raymond', '10039'),
('Gonzalez', 'Samantha', '10040'),
('Nelson', 'Jason', '10041'),
('Carter', 'Amanda', '10042'),
('Mitchell', 'Jeremy', '10043'),
('Perez', 'Stephanie', '10044'),
('Roberts', 'Brittany', '10045'),
('Turner', 'Eric', '10046'),
('Phillips', 'Heather', '10047'),
('Campbell', 'Timothy', '10048'),
('Parker', 'Katherine', '10049'),
('Evans', 'Anthony', '10050');         
CREATE CACHED TABLE "TCRS"."DRIVINGCITATIONSPROV"(
    "CITATIONID" INTEGER AUTO_INCREMENT NOT NULL,
    "ISSUINGOFFICERIDP" CHARACTER VARYING(10),
    "DRIVERIDCITATIONP" CHARACTER VARYING(255),
    "CITATIONREASON" CHARACTER VARYING(255),
    "CITATIONDATE" CHARACTER VARYING(255),
    "FINEAMOUNT" CHARACTER VARYING(255),
    "PAYMENTSTATUS" CHARACTER VARYING(255)
);             
ALTER TABLE "TCRS"."DRIVINGCITATIONSPROV" ADD CONSTRAINT "TCRS"."CONSTRAINT_88" PRIMARY KEY("CITATIONID");     
-- 30 +/- SELECT COUNT(*) FROM TCRS.DRIVINGCITATIONSPROV;      
INSERT INTO "TCRS"."DRIVINGCITATIONSPROV" (ISSUINGOFFICERIDP ,  DRIVERIDCITATIONP, CITATIONREASON,  CITATIONDATE, FINEAMOUNT, PAYMENTSTATUS) VALUES
('10002', 'G78901234578901', 'Speeding', '02-14-2024', '$150.00', 'Yes'),
('10004', 'M34567890134567', 'Reckless Driving', '02-15-2024', '$300.00', 'No'),
('10001', 'C34567890134567', 'Distracted Driving', '02-16-2024', '$200.00', 'Yes'),
('10003', 'P67890123467890', 'DUI', '02-17-2024', '$500.00', 'No'),
('10005', 'T01234567801234', 'Parking Violation', '02-18-2024', '$80.00', 'Yes'),
('10007', 'Y56789012356789', 'Moving Vehicle Code Violation', '02-19-2024', '$250.00', 'Yes'),
('10006', 'B23456789023456', 'Fix-It Ticket', '02-20-2024', '$50.00', 'No'),
('10008', 'C01234567801234', 'Speeding', '02-21-2024', '$150.00', 'Yes'),
('10010', 'H56789012356789', 'Reckless Driving', '02-22-2024', '$300.00', 'No'),
('10009', 'N23456789023456', 'Distracted Driving', '02-23-2024', '$200.00', 'Yes'),
('10011', 'J01234567801234', 'DUI', '02-24-2024', '$500.00', 'No'),
('10012', 'N45678901245678', 'Parking Violation', '02-25-2024', '$80.00', 'Yes'),
('10014', 'S90123456790123', 'Moving Vehicle Code Violation', '02-26-2024', '$250.00', 'No'),
('10013', 'A12345678912345', 'Fix-It Ticket', '02-27-2024', '$50.00', 'Yes'),
('10015', 'X45678901245678', 'Speeding', '02-28-2024', '$150.00', 'No'),
('10017', 'C01234567801234', 'Reckless Driving', '03-01-2024', '$300.00', 'Yes'),
('10016', 'C34567890134567', 'Distracted Driving', '03-02-2024', '$200.00', 'No'),
('10018', 'H89012345689012', 'DUI', '03-03-2024', '$500.00', 'Yes'),
('10020', 'L23456789023456', 'Parking Violation', '03-04-2024', '$80.00', 'No'),
('10019', 'E56789012356789', 'Moving Vehicle Code Violation', '03-05-2024', '$250.00', 'Yes'),
('10021', 'Q78901234578901', 'Fix-It Ticket', '03-06-2024', '$50.00', 'No'),
('10023', 'V23456789023456', 'Speeding', '03-07-2024', '$150.00', 'Yes'),
('10022', 'F67890123467890', 'Reckless Driving', '03-08-2024', '$300.00', 'No'),
('10024', 'K12345678912345', 'Distracted Driving', '03-09-2024', '$200.00', 'Yes'),
('10025', 'O56789012356789', 'DUI', '03-10-2024', '$500.00', 'No'),
('10026', 'R89012345689012', 'Parking Violation', '03-11-2024', '$80.00', 'Yes'),
('10028', 'W34567890134567', 'Moving Vehicle Code Violation', '03-12-2024', '$250.00', 'No'),
('10027', 'I90123456790123', 'Fix-It Ticket', '03-13-2024', '$50.00', 'Yes'),
('10029', 'Z67890123467890', 'Speeding', '03-14-2024', '$150.00', 'No'),
('10030', 'B90123456790123', 'Reckless Driving', '03-15-2024', '$300.00', 'Yes');  
CREATE CACHED TABLE "TCRS"."VEHICLECITATIONSMUN"(
    "CITATIONID" INTEGER AUTO_INCREMENT NOT NULL,
    "ISSUINGOFFICERIDM" CHARACTER VARYING(10),
    "VINCITATIONM" CHARACTER VARYING(25),
    "CITATIONREASON" CHARACTER VARYING(255),
    "CITATIONDATE" CHARACTER VARYING(255),
    "FINEAMOUNT" CHARACTER VARYING(255),
    "PAYMENTSTATUS" CHARACTER VARYING(255)
);    
ALTER TABLE "TCRS"."VEHICLECITATIONSMUN" ADD CONSTRAINT "TCRS"."CONSTRAINT_E" PRIMARY KEY("CITATIONID");       
-- 30 +/- SELECT COUNT(*) FROM TCRS.VEHICLECITATIONSMUN;       
INSERT INTO "TCRS"."VEHICLECITATIONSMUN" (ISSUINGOFFICERIDM ,  VINCITATIONM, CITATIONREASON,  CITATIONDATE, FINEAMOUNT, PAYMENTSTATUS) VALUES
('10002', 'FGHI1234567890123', 'Speeding', '02-14-2024', '$150.00', 'Yes'),
('10004', '34567890123456707', 'Reckless Driving', '02-15-2024', '$300.00', 'No'),
('10001', '89ABCDEFGHI123456', 'Distracted Driving', '02-16-2024', '$200.00', 'Yes'),
('10003', '1234567890123450B', 'DUI', '02-17-2024', '$500.00', 'No'),
('10005', '3456789ABCDEFGH1', 'Parking Violation', '02-18-2024', '$80.00', 'Yes'),
('10007', 'I1234567890123456', 'Moving Vehicle Code Violation', '02-19-2024', '$250.00', 'Yes'),
('10006', 'ABCDEFGHI12345678', 'Fix-It Ticket', '02-20-2024', '$50.00', 'No'),
('10008', '67890123456789000', 'Speeding', '02-21-2024', '$150.00', 'Yes'),
('10010', '56789ABCDEFGHI123', 'Reckless Driving', '02-22-2024', '$300.00', 'No'),
('10009', 'DEFGHI12345678901', 'Distracted Driving', '02-23-2024', '$200.00', 'Yes'),
('10011', 'HI123456789012345', 'DUI', '02-24-2024', '$500.00', 'No'),
('10012', '12345678901234505', 'Parking Violation', '02-25-2024', '$80.00', 'Yes'),
('10014', '23456789ABCDEFGHI', 'Moving Vehicle Code Violation', '02-26-2024', '$250.00', 'No'),
('10013', '89012345678901200', 'Fix-It Ticket', '02-27-2024', '$50.00', 'Yes'),
('10015', '9ABCDEFGHI1234567', 'Speeding', '02-28-2024', '$150.00', 'No'),
('10017', '123456789ABCDEFGH', 'Reckless Driving', '03-01-2024', '$300.00', 'Yes'),
('10016', '45678901234567800', 'Distracted Driving', '03-02-2024', '$200.00', 'No'),
('10018', '6789ABCDEFGHI1234', 'DUI', '03-03-2024', '$500.00', 'Yes'),
('10020', 'CDEFGHI1234567890', 'Parking Violation', '03-04-2024', '$80.00', 'No'),
('10019', '1234567890123450A', 'Moving Vehicle Code Violation', '03-05-2024', '$250.00', 'Yes'),
('10021', '456789ABCDEFGHI12', 'Fix-It Ticket', '03-06-2024', '$50.00', 'No'),
('10023', 'EFGHI123456789012', 'Speeding', '03-07-2024', '$150.00', 'Yes'),
('10022', '56789012345678900', 'Reckless Driving', '03-08-2024', '$300.00', 'No'),
('10024', '789ABCDEFGHI12345', 'Distracted Driving', '03-09-2024', '$200.00', 'Yes'),
('10025', '1234567890123450', 'DUI', '03-10-2024', '$500.00', 'No'),
('10026', 'BCDEFGHI123456789', 'Parking Violation', '03-11-2024', '$80.00', 'Yes'),
('10028', 'GHI12345678901234', 'Moving Vehicle Code Violation', '03-12-2024', '$250.00', 'No'),
('10027', '23456789012345600', 'Fix-It Ticket', '03-13-2024', '$50.00', 'Yes'),
('10029', '90123456789012300', 'Speeding', '03-14-2024', '$150.00', 'No'),
('10030', '78901234567890100', 'Reckless Driving', '03-15-2024', '$300.00', 'Yes');         
CREATE CACHED TABLE "TCRS"."DRIVINGCITATIONSMUN"(
    "CITATIONID" INTEGER AUTO_INCREMENT NOT NULL,
    "ISSUINGOFFICERIDP" CHARACTER VARYING(10),
    "DRIVERIDCITATIONP" CHARACTER VARYING(255),
    "CITATIONREASON" CHARACTER VARYING(255),
    "CITATIONDATE" CHARACTER VARYING(255),
    "FINEAMOUNT" CHARACTER VARYING(255),
    "PAYMENTSTATUS" CHARACTER VARYING(255)
);              
ALTER TABLE "TCRS"."DRIVINGCITATIONSMUN" ADD CONSTRAINT "TCRS"."CONSTRAINT_F" PRIMARY KEY("CITATIONID");       
-- 30 +/- SELECT COUNT(*) FROM TCRS.DRIVINGCITATIONSMUN;       
INSERT INTO "TCRS"."DRIVINGCITATIONSMUN" (ISSUINGOFFICERIDP ,  DRIVERIDCITATIONP, CITATIONREASON,  CITATIONDATE, FINEAMOUNT, PAYMENTSTATUS) VALUES
('10002', 'G78901234578901', 'Speeding', '02-14-2024', '$150.00', 'Yes'),
('10004', 'M34567890134567', 'Reckless Driving', '02-15-2024', '$300.00', 'No'),
('10001', 'C34567890134567', 'Distracted Driving', '02-16-2024', '$200.00', 'Yes'),
('10003', 'P67890123467890', 'DUI', '02-17-2024', '$500.00', 'No'),
('10005', 'T01234567801234', 'Parking Violation', '02-18-2024', '$80.00', 'Yes'),
('10007', 'Y56789012356789', 'Moving Vehicle Code Violation', '02-19-2024', '$250.00', 'Yes'),
('10006', 'B23456789023456', 'Fix-It Ticket', '02-20-2024', '$50.00', 'No'),
('10008', 'C01234567801234', 'Speeding', '02-21-2024', '$150.00', 'Yes'),
('10010', 'H56789012356789', 'Reckless Driving', '02-22-2024', '$300.00', 'No'),
('10009', 'N23456789023456', 'Distracted Driving', '02-23-2024', '$200.00', 'Yes'),
('10011', 'J01234567801234', 'DUI', '02-24-2024', '$500.00', 'No'),
('10012', 'N45678901245678', 'Parking Violation', '02-25-2024', '$80.00', 'Yes'),
('10014', 'S90123456790123', 'Moving Vehicle Code Violation', '02-26-2024', '$250.00', 'No'),
('10013', 'A12345678912345', 'Fix-It Ticket', '02-27-2024', '$50.00', 'Yes'),
('10015', 'X45678901245678', 'Speeding', '02-28-2024', '$150.00', 'No'),
('10017', 'C01234567801234', 'Reckless Driving', '03-01-2024', '$300.00', 'Yes'),
('10016', 'C34567890134567', 'Distracted Driving', '03-02-2024', '$200.00', 'No'),
('10018', 'H89012345689012', 'DUI', '03-03-2024', '$500.00', 'Yes'),
('10020', 'L23456789023456', 'Parking Violation', '03-04-2024', '$80.00', 'No'),
('10019', 'E56789012356789', 'Moving Vehicle Code Violation', '03-05-2024', '$250.00', 'Yes'),
('10021', 'Q78901234578901', 'Fix-It Ticket', '03-06-2024', '$50.00', 'No'),
('10023', 'V23456789023456', 'Speeding', '03-07-2024', '$150.00', 'Yes'),
('10022', 'F67890123467890', 'Reckless Driving', '03-08-2024', '$300.00', 'No'),
('10024', 'K12345678912345', 'Distracted Driving', '03-09-2024', '$200.00', 'Yes'),
('10025', 'O56789012356789', 'DUI', '03-10-2024', '$500.00', 'No'),
('10026', 'R89012345689012', 'Parking Violation', '03-11-2024', '$80.00', 'Yes'),
('10028', 'W34567890134567', 'Moving Vehicle Code Violation', '03-12-2024', '$250.00', 'No'),
('10027', 'I90123456790123', 'Fix-It Ticket', '03-13-2024', '$50.00', 'Yes'),
('10029', 'Z67890123467890', 'Speeding', '03-14-2024', '$150.00', 'No'),
('10030', 'B90123456790123', 'Reckless Driving', '03-15-2024', '$300.00', 'Yes');   
CREATE CACHED TABLE "TCRS"."VEHICLECITATIONSPROV"(
    "CITATIONID" INTEGER AUTO_INCREMENT NOT NULL,
    "ISSUINGOFFICERIDM" CHARACTER VARYING(10),
    "VINCITATIONM" CHARACTER VARYING(25),
    "CITATIONREASON" CHARACTER VARYING(255),
    "CITATIONDATE" CHARACTER VARYING(255),
    "FINEAMOUNT" CHARACTER VARYING(255),
    "PAYMENTSTATUS" CHARACTER VARYING(255)
);   
ALTER TABLE "TCRS"."VEHICLECITATIONSPROV" ADD CONSTRAINT "TCRS"."CONSTRAINT_C" PRIMARY KEY("CITATIONID");      
-- 30 +/- SELECT COUNT(*) FROM TCRS.VEHICLECITATIONSPROV;      
INSERT INTO "TCRS"."VEHICLECITATIONSPROV" (ISSUINGOFFICERIDM ,  VINCITATIONM, CITATIONREASON,  CITATIONDATE, FINEAMOUNT, PAYMENTSTATUS) VALUES
('10002', 'FGHI1234567890123', 'Speeding', '02-14-2024', '$150.00', 'Yes'),
('10004', '34567890123456707', 'Reckless Driving', '02-15-2024', '$300.00', 'No'),
('10001', '89ABCDEFGHI123456', 'Distracted Driving', '02-16-2024', '$200.00', 'Yes'),
('10003', '1234567890123450B', 'DUI', '02-17-2024', '$500.00', 'No'),
('10005', '3456789ABCDEFGH1', 'Parking Violation', '02-18-2024', '$80.00', 'Yes'),
('10007', 'I1234567890123456', 'Moving Vehicle Code Violation', '02-19-2024', '$250.00', 'Yes'),
('10006', 'ABCDEFGHI12345678', 'Fix-It Ticket', '02-20-2024', '$50.00', 'No'),
('10008', '67890123456789000', 'Speeding', '02-21-2024', '$150.00', 'Yes'),
('10010', '56789ABCDEFGHI123', 'Reckless Driving', '02-22-2024', '$300.00', 'No'),
('10009', 'DEFGHI12345678901', 'Distracted Driving', '02-23-2024', '$200.00', 'Yes'),
('10011', 'HI123456789012345', 'DUI', '02-24-2024', '$500.00', 'No'),
('10012', '12345678901234505', 'Parking Violation', '02-25-2024', '$80.00', 'Yes'),
('10014', '23456789ABCDEFGHI', 'Moving Vehicle Code Violation', '02-26-2024', '$250.00', 'No'),
('10013', '89012345678901200', 'Fix-It Ticket', '02-27-2024', '$50.00', 'Yes'),
('10015', '9ABCDEFGHI1234567', 'Speeding', '02-28-2024', '$150.00', 'No'),
('10017', '123456789ABCDEFGH', 'Reckless Driving', '03-01-2024', '$300.00', 'Yes'),
('10016', '45678901234567800', 'Distracted Driving', '03-02-2024', '$200.00', 'No'),
('10018', '6789ABCDEFGHI1234', 'DUI', '03-03-2024', '$500.00', 'Yes'),
('10020', 'CDEFGHI1234567890', 'Parking Violation', '03-04-2024', '$80.00', 'No'),
('10019', '1234567890123450A', 'Moving Vehicle Code Violation', '03-05-2024', '$250.00', 'Yes'),
('10021', '456789ABCDEFGHI12', 'Fix-It Ticket', '03-06-2024', '$50.00', 'No'),
('10023', 'EFGHI123456789012', 'Speeding', '03-07-2024', '$150.00', 'Yes'),
('10022', '56789012345678900', 'Reckless Driving', '03-08-2024', '$300.00', 'No'),
('10024', '789ABCDEFGHI12345', 'Distracted Driving', '03-09-2024', '$200.00', 'Yes'),
('10025', '1234567890123450', 'DUI', '03-10-2024', '$500.00', 'No'),
('10026', 'BCDEFGHI123456789', 'Parking Violation', '03-11-2024', '$80.00', 'Yes'),
('10028', 'GHI12345678901234', 'Moving Vehicle Code Violation', '03-12-2024', '$250.00', 'No'),
('10027', '23456789012345600', 'Fix-It Ticket', '03-13-2024', '$50.00', 'Yes'),
('10029', '90123456789012300', 'Speeding', '03-14-2024', '$150.00', 'No'),
('10030', '78901234567890100', 'Reckless Driving', '03-15-2024', '$300.00', 'Yes');        
CREATE CACHED TABLE "TCRS"."VEHICLEWARRANTSMUNICIPLE"(
    "WARRANTIDVM" INTEGER AUTO_INCREMENT NOT NULL,
    "VINWARRANTM" CHARACTER VARYING(25),
    "REASON" CHARACTER VARYING(255),
    "WARRANTDATE" CHARACTER VARYING(255),
    "OUTSTANDING" CHARACTER VARYING(255)
);  
ALTER TABLE "TCRS"."VEHICLEWARRANTSMUNICIPLE" ADD CONSTRAINT "TCRS"."CONSTRAINT_3A" PRIMARY KEY("WARRANTIDVM");
-- 10 +/- SELECT COUNT(*) FROM TCRS.VEHICLEWARRANTSMUNICIPLE;  
INSERT INTO "TCRS"."VEHICLEWARRANTSMUNICIPLE" (VINWARRANTM ,  REASON, WARRANTDATE,  OUTSTANDING) VALUES
('12345678901234505', 'Unpaid Fines', '02-25-2024', 'Yes'),
('3456789ABCDEFGH1', 'Failure to Appear', '03-01-2024', 'No'),
('FGHI1234567890123', 'Violation of Probation', '03-05-2024', 'Yes'),
('89ABCDEFGHI123456', 'Theft', '03-10-2024', 'Yes'),
('67890123456789000', 'Reckless Driving', '03-15-2024', 'No'),
('ABCDEFGHI12345678', 'DUI', '03-20-2024', 'Yes'),
('I1234567890123456', 'Fraud', '03-25-2024', 'No'),
('56789ABCDEFGHI123', 'Assault Charges', '03-30-2024', 'Yes'),
('34567890123456707', 'Drug Possession', '04-04-2024', 'Yes'),
('BCDEFGHI123456789', 'Failure to Pay Child Support', '04-09-2024', 'No');       
CREATE CACHED TABLE "TCRS"."DRIVERWARRANTSPROV"(
    "WARRANTIDP" INTEGER AUTO_INCREMENT NOT NULL,
    "DRIVERIDWARRANTP" CHARACTER VARYING(255),
    "REASON" CHARACTER VARYING(255),
    "WARRANTDATE" CHARACTER VARYING(255),
    "OUTSTANDING" CHARACTER VARYING(255)
);   
ALTER TABLE "TCRS"."DRIVERWARRANTSPROV" ADD CONSTRAINT "TCRS"."CONSTRAINT_11" PRIMARY KEY("WARRANTIDP");       
-- 10 +/- SELECT COUNT(*) FROM TCRS.DRIVERWARRANTSPROV;        
INSERT INTO "TCRS"."DRIVERWARRANTSPROV" (DRIVERIDWARRANTP ,  REASON, WARRANTDATE,  OUTSTANDING) VALUES
('E56789012356789', 'Unpaid Fines', '02-25-2024', 'Yes'),
('K12345678912345', 'Failure to Appear', '03-01-2024', 'No'),
('G78901234578901', 'Violation of Probation', '03-05-2024', 'Yes'),
('B23456789023456', 'Theft', '03-10-2024', 'Yes'),
('I90123456790123', 'Reckless Driving', '03-15-2024', 'No'),
('O56789012356789', 'DUI', '03-20-2024', 'Yes'),
('D45678901245678', 'Fraud', '03-25-2024', 'No'),
('H89012345689012', 'Assault Charges', '03-30-2024', 'Yes'),
('L23456789023456', 'Drug Possession', '04-04-2024', 'Yes'),
('F67890123467890', 'Failure to Pay Child Support', '04-09-2024', 'No');
CREATE CACHED TABLE "TCRS"."VEHICLEWARRANTSPROV"(
    "WARRANTIDVP" INTEGER AUTO_INCREMENT NOT NULL,
    "VINWARRANTP" CHARACTER VARYING(25),
    "REASON" CHARACTER VARYING(255),
    "WARRANTDATE" CHARACTER VARYING(255),
    "OUTSTANDING" CHARACTER VARYING(255)
);       
ALTER TABLE "TCRS"."VEHICLEWARRANTSPROV" ADD CONSTRAINT "TCRS"."CONSTRAINT_2" PRIMARY KEY("WARRANTIDVP");      
-- 10 +/- SELECT COUNT(*) FROM TCRS.VEHICLEWARRANTSPROV;       
INSERT INTO "TCRS"."VEHICLEWARRANTSPROV" (VINWARRANTP ,  REASON, WARRANTDATE,  OUTSTANDING) VALUES
('12345678901234505', 'Unpaid Fines', '02-25-2024', 'Yes'),
('3456789ABCDEFGH1', 'Failure to Appear', '03-01-2024', 'No'),
('FGHI1234567890123', 'Violation of Probation', '03-05-2024', 'Yes'),
('89ABCDEFGHI123456', 'Theft', '03-10-2024', 'Yes'),
('67890123456789000', 'Reckless Driving', '03-15-2024', 'No'),
('ABCDEFGHI12345678', 'DUI', '03-20-2024', 'Yes'),
('I1234567890123456', 'Fraud', '03-25-2024', 'No'),
('56789ABCDEFGHI123', 'Assault Charges', '03-30-2024', 'Yes'),
('34567890123456707', 'Drug Possession', '04-04-2024', 'Yes'),
('BCDEFGHI123456789', 'Failure to Pay Child Support', '04-09-2024', 'No');            
CREATE CACHED TABLE "TCRS"."TRAFFICSCHOOL"(
    "SESSIONID" INTEGER AUTO_INCREMENT NOT NULL,
    "CITATIONIDTS" INTEGER,
    "SESSIONDATE" CHARACTER VARYING(255),
    "SESSIONUMBER" INTEGER,
    "ATTENDANCESTATUS" CHARACTER VARYING(255)
);             
ALTER TABLE "TCRS"."TRAFFICSCHOOL" ADD CONSTRAINT "TCRS"."CONSTRAINT_E7" PRIMARY KEY("SESSIONID");             
-- 20 +/- SELECT COUNT(*) FROM TCRS.TRAFFICSCHOOL;             
INSERT INTO "TCRS"."TRAFFICSCHOOL" (CITATIONIDTS ,  SESSIONDATE, SESSIONUMBER,  ATTENDANCESTATUS) VALUES
(3, '02-10-2024', 1, 'Yes'),
(3, '02-10-2024', 2, 'Yes'),
(3, '02-10-2024', 3, 'Yes'),
(3, '02-10-2024', 4, 'Yes'),
(1, '02-12-2024', 3, 'No'),
(7, '02-15-2024', 3, 'Yes'),
(7, '02-15-2024', 4, 'Yes'),
(20, '02-18-2024', 4, 'No'),
(28, '03-02-2024', 1, 'No'),
(18, '02-20-2024', 1, 'Yes'), 
(14, '02-23-2024', 4, 'No'),
(4, '02-25-2024', 1, 'No'),
(23, '02-27-2024', 3, 'Yes'),
(23, '02-27-2024', 4, 'Yes'),
(28, '03-02-2024', 1, 'No'),
(28, '03-02-2024', 2, 'No'),
(11, '03-05-2024', 1, 'Yes'),
(11, '03-05-2024', 2, 'Yes'),
(11, '03-05-2024', 3, 'Yes'),
(11, '03-05-2024', 4, 'Yes');    
CREATE CACHED TABLE "TCRS"."DRIVERWARRANTSMUNICIPLE"(
    "WARRANTID" INTEGER AUTO_INCREMENT NOT NULL,
    "DRIVERIDWARRANTM" CHARACTER VARYING(255),
    "REASON" CHARACTER VARYING(255),
    "WARRANTDATE" CHARACTER VARYING(255),
    "OUTSTANDING" CHARACTER VARYING(255)
);               
ALTER TABLE "TCRS"."DRIVERWARRANTSMUNICIPLE" ADD CONSTRAINT "TCRS"."CONSTRAINT_1" PRIMARY KEY("WARRANTID");    
-- 10 +/- SELECT COUNT(*) FROM TCRS.DRIVERWARRANTSMUNICIPLE;   
INSERT INTO "TCRS"."DRIVERWARRANTSMUNICIPLE" (DRIVERIDWARRANTM ,  REASON, WARRANTDATE,  OUTSTANDING) VALUES
('E56789012356789', 'Unpaid Fines', '02-25-2024', 'Yes'),
('K12345678912345', 'Failure to Appear', '03-01-2024', 'No'),
('G78901234578901', 'Violation of Probation', '03-05-2024', 'Yes'),
('B23456789023456', 'Theft', '03-10-2024', 'Yes'),
('I90123456790123', 'Reckless Driving', '03-15-2024', 'No'),
('O56789012356789', 'DUI', '03-20-2024', 'Yes'),
('D45678901245678', 'Fraud', '03-25-2024', 'No'),
('H89012345689012', 'Assault Charges', '03-30-2024', 'Yes'),
('L23456789023456', 'Drug Possession', '04-04-2024', 'Yes'),
('F67890123467890', 'Failure to Pay Child Support', '04-09-2024', 'No');           
CREATE CACHED TABLE "TCRS"."ACCOUNTS"(
    "ACCOUNTID" INTEGER AUTO_INCREMENT NOT NULL,
    "USERNAME" CHARACTER VARYING(255),
    "PASSWORDACC" CHARACTER VARYING(255),
    "FIRSTNAME" CHARACTER VARYING(255),
    "LASTNAME" CHARACTER VARYING(255),
    "AGENCY" CHARACTER VARYING(255)
); 
ALTER TABLE "TCRS"."ACCOUNTS" ADD CONSTRAINT "TCRS"."CONSTRAINT_A" PRIMARY KEY("ACCOUNTID");   
-- 10 +/- SELECT COUNT(*) FROM TCRS.ACCOUNTS;  
INSERT INTO "TCRS"."ACCOUNTS" (USERNAME ,  PASSWORDACC, FIRSTNAME,  LASTNAME, AGENCY) VALUES
('badewale', '239592830', 'Banki', 'Adewale', 'Admin'),
('gamjoun', '239349660', 'Ghizlane', 'Amjoun', 'Admin'),
('brajaie', '239394290', 'Ben', 'Rajaie', 'Admin'),
('kuwaechi', '199677980', U&'Kennedy\000a', 'Uwaechi', 'Admin'),
('SJohn', '10002', 'Smith', 'John', 'Provincial'),
('JDavid', '10003', 'Johnson', 'David', 'Local'),
('WChris', '10004', 'Williams', 'Chris', 'Provincial'),
('BMike', '10005', 'Brown', 'Mike', 'Local'),
('JSarah', '10006', 'Jones', 'Sarah', 'Provincial'),
('GRobert', '10007', 'Garcia', 'Robert', 'Local');   
ALTER TABLE "TCRS"."DRIVERWARRANTSPROV" ADD CONSTRAINT "TCRS"."CONSTRAINT_117" FOREIGN KEY("DRIVERIDWARRANTP") REFERENCES "TCRS"."DRIVERINFO"("LICENSENUMBER") NOCHECK;        
ALTER TABLE "TCRS"."DRIVINGCITATIONSPROV" ADD CONSTRAINT "TCRS"."CONSTRAINT_885A" FOREIGN KEY("DRIVERIDCITATIONP") REFERENCES "TCRS"."DRIVERINFO"("LICENSENUMBER") NOCHECK;    
ALTER TABLE "TCRS"."VEHICLEWARRANTSMUNICIPLE" ADD CONSTRAINT "TCRS"."CONSTRAINT_3A9" FOREIGN KEY("VINWARRANTM") REFERENCES "TCRS"."VEHICLEINFO"("VIN") NOCHECK;
ALTER TABLE "TCRS"."VEHICLECITATIONSPROV" ADD CONSTRAINT "TCRS"."CONSTRAINT_C2" FOREIGN KEY("ISSUINGOFFICERIDM") REFERENCES "TCRS"."OFFICERINFO"("BADGENUMBER") NOCHECK;       
ALTER TABLE "TCRS"."VEHICLEWARRANTSPROV" ADD CONSTRAINT "TCRS"."CONSTRAINT_2B" FOREIGN KEY("VINWARRANTP") REFERENCES "TCRS"."VEHICLEINFO"("VIN") NOCHECK;      
ALTER TABLE "TCRS"."VEHICLECITATIONSPROV" ADD CONSTRAINT "TCRS"."CONSTRAINT_C20" FOREIGN KEY("VINCITATIONM") REFERENCES "TCRS"."VEHICLEINFO"("VIN") NOCHECK;   
ALTER TABLE "TCRS"."DRIVINGCITATIONSMUN" ADD CONSTRAINT "TCRS"."CONSTRAINT_F3" FOREIGN KEY("ISSUINGOFFICERIDP") REFERENCES "TCRS"."OFFICERINFO"("BADGENUMBER") NOCHECK;        
ALTER TABLE "TCRS"."VEHICLECITATIONSMUN" ADD CONSTRAINT "TCRS"."CONSTRAINT_ED" FOREIGN KEY("ISSUINGOFFICERIDM") REFERENCES "TCRS"."OFFICERINFO"("BADGENUMBER") NOCHECK;        
ALTER TABLE "TCRS"."VEHICLECITATIONSMUN" ADD CONSTRAINT "TCRS"."CONSTRAINT_ED7" FOREIGN KEY("VINCITATIONM") REFERENCES "TCRS"."VEHICLEINFO"("VIN") NOCHECK;    
ALTER TABLE "TCRS"."DRIVINGCITATIONSMUN" ADD CONSTRAINT "TCRS"."CONSTRAINT_F3E" FOREIGN KEY("DRIVERIDCITATIONP") REFERENCES "TCRS"."DRIVERINFO"("LICENSENUMBER") NOCHECK;      
ALTER TABLE "TCRS"."DRIVINGCITATIONSPROV" ADD CONSTRAINT "TCRS"."CONSTRAINT_885" FOREIGN KEY("ISSUINGOFFICERIDP") REFERENCES "TCRS"."OFFICERINFO"("BADGENUMBER") NOCHECK;      
ALTER TABLE "TCRS"."DRIVERWARRANTSMUNICIPLE" ADD CONSTRAINT "TCRS"."CONSTRAINT_15" FOREIGN KEY("DRIVERIDWARRANTM") REFERENCES "TCRS"."DRIVERINFO"("LICENSENUMBER") NOCHECK;    
ALTER TABLE "TCRS"."TRAFFICSCHOOL" ADD CONSTRAINT "TCRS"."CONSTRAINT_E7A" FOREIGN KEY("CITATIONIDTS") REFERENCES "TCRS"."DRIVINGCITATIONSMUN"("CITATIONID") NOCHECK;           
