-- H2 2.2.224; 
SET IGNORECASE 1;              
;              
CREATE USER IF NOT EXISTS "TCRS" SALT '7630b7a6679c3c6e' HASH '05dfb5748b7c1473c80f498ad0899e22b7ced005fb8e48cb1db56b8a5c8c8cd4' ADMIN;        
CREATE SCHEMA IF NOT EXISTS "TCRS" AUTHORIZATION "TCRS";       
CREATE CACHED TABLE "TCRS"."VEHICLEINFO"(
    "VIN" VARCHAR_IGNORECASE(25) NOT NULL,
    "LICENSEPLATE" VARCHAR_IGNORECASE(255),
    "MAKE" VARCHAR_IGNORECASE(255),
    "MODEL" VARCHAR_IGNORECASE(255),
    "CARYEAR" INTEGER,
    "REGISTEREDSTATUS" VARCHAR_IGNORECASE(255)
);             
ALTER TABLE "TCRS"."VEHICLEINFO" ADD CONSTRAINT "TCRS"."CONSTRAINT_8" PRIMARY KEY("VIN");      
-- 10 +/- SELECT COUNT(*) FROM TCRS.VEHICLEINFO;               
INSERT INTO "TCRS"."VEHICLEINFO" VALUES
('927840315QXPOWRUE', 'HIJK567', 'Honda', 'Civic', 2020, 'Valid'),
('682539140JFBKVDPC', 'VIXY678', 'Toyota', 'Corolla', 2019, 'Stolen'),
('345217896LHTOZYXW', 'PFRS234', 'Ford', 'Fusion', 2018, 'Expired'),
('859724613GIJXQKBF', 'NOPQ234', 'Chevrolet', 'Impala', 2017, 'Valid'),
('416893275YKTVNLEJ', 'WXYZ123', 'Subaru', 'Outback', 2016, 'Valid'),
('723961485EZSGRUMW', 'VAXY789', 'Hyundai', 'Elantra', 2015, 'Valid'),
('598136247QXPJOWTF', 'HIJK679', 'Nissan', 'Altima', 2014, 'Valid'),
('364852791FIUZLMNX', 'FGHI789', 'Mazda', 'Mazda3', 2013, 'Valid'),
('971582346EYQFXOMS', 'JKLM789', 'Volvo', 'S60', 2012, 'Wanted'),
('214897563ZMYVLWQK', 'HIJK568', 'Jeep', 'Cherokee', 2011, 'Valid');    
CREATE CACHED TABLE "TCRS"."DRIVERINFO"(
    "FIRSTNAME" VARCHAR_IGNORECASE(255),
    "LASTNAME" VARCHAR_IGNORECASE(255),
    "LICENSENUMBER" VARCHAR_IGNORECASE(255) NOT NULL,
    "LICENSEPLATE" VARCHAR_IGNORECASE(25),
    "LICENSESTATUS" VARCHAR_IGNORECASE(255),
    "DEMERITPOINTS" INTEGER
);         
ALTER TABLE "TCRS"."DRIVERINFO" ADD CONSTRAINT "TCRS"."CONSTRAINT_4" PRIMARY KEY("LICENSENUMBER");             
-- 10 +/- SELECT COUNT(*) FROM TCRS.DRIVERINFO;
INSERT INTO "TCRS"."DRIVERINFO" VALUES
('John', 'Smith', 'A12345678912345', 'HIJK567', 'Valid', 2),
('Jane', 'Doe', 'B23456789023456', 'VIXY678', 'Valid', 3),
('Michael', 'Johnson', 'C34567890134567', 'PFRS234', 'Valid', 1),
('Emily', 'Williams', 'D45678901245678', 'NOPQ234', 'Valid', 0),
('Christopher', 'Brown', 'E56789012356789', 'WXYZ123', 'Suspended', 5),
('Amanda', 'Jones', 'F67890123467890', 'VAXY789', 'Valid', 4),
('Sarah', 'Lee', 'G78901234578901', 'HIJK679', 'Valid', 2),
('David', 'Rodriguez', 'H89012345689012', 'FGHI789', 'Valid', 3),
('Jennifer', 'Martinez', 'I90123456790123', 'JKLM789', 'Valid', 1),
('Daniel', 'Nguyen', 'J01234567801234', 'HIJK568', 'Revoked', 0);   
CREATE CACHED TABLE "TCRS"."OFFICERINFO"(
    "BADGENUMBER" VARCHAR_IGNORECASE(10) NOT NULL,
    "LASTNAME" VARCHAR_IGNORECASE(255),
    "FIRSTNAME" VARCHAR_IGNORECASE(255)
);
ALTER TABLE "TCRS"."OFFICERINFO" ADD CONSTRAINT "TCRS"."CONSTRAINT_3" PRIMARY KEY("BADGENUMBER");              
-- 10 +/- SELECT COUNT(*) FROM TCRS.OFFICERINFO;               
INSERT INTO "TCRS"."OFFICERINFO" VALUES
('10001', 'Smith', 'John'),
('10002', 'Johnson', 'David'),
('10003', 'Williams', 'Chris'),
('10004', 'Brown', 'Mike'),
('10005', 'Jones', 'Sarah'),
('10006', 'Garcia', 'Robert'),
('10007', 'Miller', 'Jennifer'),
('10008', 'Davis', 'Patricia'),
('10009', 'Rodriguez', 'James'),
('10010', 'Martinez', 'Linda');   
CREATE CACHED TABLE "TCRS"."VEHICLECITATIONSMUNICIPLE"(
    "CITATIONID" INTEGER GENERATED BY DEFAULT AS IDENTITY(START WITH 1 RESTART WITH 11) NOT NULL,
    "ISSUEINGOFFICERIDM" VARCHAR_IGNORECASE(10),
    "VINCITATIONM" VARCHAR_IGNORECASE(25),
    "CITATIONREASON" VARCHAR_IGNORECASE(255),
    "CITATIONDATE" VARCHAR_IGNORECASE(255),
    "FINEAMOUNT" VARCHAR_IGNORECASE(255),
    "PAYMENTSTATUS" VARCHAR_IGNORECASE(255)
);       
ALTER TABLE "TCRS"."VEHICLECITATIONSMUNICIPLE" ADD CONSTRAINT "TCRS"."CONSTRAINT_1" PRIMARY KEY("CITATIONID"); 
-- 10 +/- SELECT COUNT(*) FROM TCRS.VEHICLECITATIONSMUNICIPLE; 
INSERT INTO "TCRS"."VEHICLECITATIONSMUNICIPLE" VALUES
(1, '10001', '927840315QXPOWRUE', 'Parking Violation', '2014-06-05', '250', 'Paid'),
(2, '10001', '927840315QXPOWRUE', 'Fix-It Ticket', '2002-09-15', '300', 'Unpaid'),
(3, '10001', '345217896LHTOZYXW', 'Parking Violation', '2019-06-29', '150', 'Paid'),
(4, '10001', '345217896LHTOZYXW', 'Parking Violation', '2008-08-18', '400', 'Paid'),
(5, '10002', '416893275YKTVNLEJ', 'Parking Violation', '2013-09-15', '200', 'Unpaid'),
(6, '10002', '723961485EZSGRUMW', 'Fix-It Ticket', '2012-09-15', '275', 'Paid'),
(7, '10002', '598136247QXPJOWTF', 'Fix-It Ticket', '2017-04-23', '225', 'Paid'),
(8, '10002', '364852791FIUZLMNX', 'Fix-It Ticket', '2002-09-15', '200', 'Unpaid'),
(9, '10003', '971582346EYQFXOMS', 'Fix-It Ticket', '2015-07-14', '350', 'Paid'),
(10, '10003', '214897563ZMYVLWQK', 'Fix-It Ticket', '2000-01-19', '275', 'Paid');         
CREATE CACHED TABLE "TCRS"."VEHICLECITATIONSPROV"(
    "CITATIONID" INTEGER NOT NULL,
    "ISSUEINGOFFICERIDP" VARCHAR_IGNORECASE(10),
    "VINCITATIONP" VARCHAR_IGNORECASE(25),
    "CITATIONREASON" VARCHAR_IGNORECASE(255),
    "CITATIONDATE" VARCHAR_IGNORECASE(255),
    "FINEAMOUNT" VARCHAR_IGNORECASE(255),
    "PAYMENTSTATUS" VARCHAR_IGNORECASE(255)
);           
ALTER TABLE "TCRS"."VEHICLECITATIONSPROV" ADD CONSTRAINT "TCRS"."CONSTRAINT_C" PRIMARY KEY("CITATIONID");      
-- 10 +/- SELECT COUNT(*) FROM TCRS.VEHICLECITATIONSPROV;      
INSERT INTO "TCRS"."VEHICLECITATIONSPROV" VALUES
(1, '10001', '927840315QXPOWRUE', 'Parking Violation', '2014-05-06', '250', 'Paid'),
(2, '10001', '927840315QXPOWRUE', 'Fix-it Ticket', '2002-09-15', '300', 'Unpaid'),
(3, '10001', '345217896LHTOZYXW', 'Parking Violation', '2019-06-29', '150', 'Paid'),
(4, '10001', '345217896LHTOZYXW', 'Parking Violation', '2008-08-18', '400', 'Paid'),
(5, '10002', '416893275YKTVNLEJ', 'Parking Violation', '2013-09-15', '200', 'Unpaid'),
(6, '10002', '723961485EZSGRUMW', 'Fix-it Ticket', '2012-09-15', '275', 'Paid'),
(7, '10002', '598136247QXPJOWTF', 'Fix-it Ticket', '2017-04-23', '225', 'Paid'),
(8, '10002', '364852791FIUZLMNX', 'Fix-it Ticket', '2002-09-15', '200', 'Unpaid'),
(9, '10003', '971582346EYQFXOMS', 'Fix-it Ticket', '2015-07-14', '350', 'Paid'),
(10, '10003', '214897563ZMYVLWQK', 'Fix-it Ticket', '2000-01-19', '275', 'Paid');              
CREATE CACHED TABLE "TCRS"."VEHICLEWARRANTSMUNICIPLE"(
    "WARRANTIDVM" INTEGER GENERATED BY DEFAULT AS IDENTITY(START WITH 1 RESTART WITH 11) NOT NULL,
    "VINWARRANTM" VARCHAR_IGNORECASE(25),
    "REASON" VARCHAR_IGNORECASE(255),
    "WARRANTDATE" VARCHAR_IGNORECASE(255),
    "OUTSTANDING" VARCHAR_IGNORECASE(255)
);              
ALTER TABLE "TCRS"."VEHICLEWARRANTSMUNICIPLE" ADD CONSTRAINT "TCRS"."CONSTRAINT_3A" PRIMARY KEY("WARRANTIDVM");
-- 10 +/- SELECT COUNT(*) FROM TCRS.VEHICLEWARRANTSMUNICIPLE;  
INSERT INTO "TCRS"."VEHICLEWARRANTSMUNICIPLE" VALUES
(1, '927840315QXPOWRUE', 'Stolen vehicle', 'YYYY-MM-DD', 'Yes'),
(2, '682539140JFBKVDPC', 'Expired registration', '2022-11-14', 'No'),
(3, '345217896LHTOZYXW', 'Outstanding fines', '2022-05-29', 'Yes'),
(4, '859724613GIJXQKBF', 'Suspected involvement in crime', 'YYYY-MM-DD', 'No'),
(5, '416893275YKTVNLEJ', 'Abandoned vehicle', '2013-06-22', 'Yes'),
(6, '723961485EZSGRUMW', 'Unpaid parking tickets', '2022-02-18', 'Yes'),
(7, '598136247QXPJOWTF', 'Reported stolen', 'YYYY-MM-DD', 'No'),
(8, '364852791FIUZLMNX', 'Unauthorized modification', '2023-04-26', 'Yes'),
(9, '971582346EYQFXOMS', 'Suspected involvement in hit and run', '2019-10-31', 'Yes'),
(10, '214897563ZMYVLWQK', 'Vehicle inspection overdue', 'YYYY-MM-DD', 'No');  
CREATE CACHED TABLE "TCRS"."VEHICLEWARRANTSPROV"(
    "WARRANTIDVP" INTEGER GENERATED BY DEFAULT AS IDENTITY(START WITH 1) NOT NULL,
    "VINWARRANTP" VARCHAR_IGNORECASE(25),
    "REASON" VARCHAR_IGNORECASE(255),
    "WARRANTDATE" VARCHAR_IGNORECASE(255),
    "OUTSTANDING" VARCHAR_IGNORECASE(255)
);   
ALTER TABLE "TCRS"."VEHICLEWARRANTSPROV" ADD CONSTRAINT "TCRS"."CONSTRAINT_2" PRIMARY KEY("WARRANTIDVP");      
-- 10 +/- SELECT COUNT(*) FROM TCRS.VEHICLEWARRANTSPROV;       
INSERT INTO "TCRS"."VEHICLEWARRANTSPROV" VALUES
(1, '927840315QXPOWRUE', 'Stolen vehicle', 'YYYY-MM-DD', 'Yes'),
(2, '682539140JFBKVDPC', 'Expired registration', '2022-11-14', 'No'),
(3, '345217896LHTOZYXW', 'Outstanding fines', '2022-05-29', 'Yes'),
(4, '859724613GIJXQKBF', 'Suspected involvement in crime', 'YYYY-MM-DD', 'No'),
(5, '416893275YKTVNLEJ', 'Abandoned vehicle', '2013-06-22', 'Yes'),
(6, '723961485EZSGRUMW', 'Unpaid parking tickets', '2022-02-18', 'Yes'),
(7, '598136247QXPJOWTF', 'Reported stolen', 'YYYY-MM-DD', 'No'),
(8, '364852791FIUZLMNX', 'Unauthorized modification', '2023-04-26', 'Yes'),
(9, '971582346EYQFXOMS', 'Suspected involvement in hit and run', '2019-10-31', 'Yes'),
(10, '214897563ZMYVLWQK', 'Vehicle inspection overdue', 'YYYY-MM-DD', 'No');       
CREATE CACHED TABLE "TCRS"."DRIVERWARRANTSMUNICIPLE"(
    "WARRANTID" INTEGER GENERATED BY DEFAULT AS IDENTITY(START WITH 1 RESTART WITH 11) NOT NULL,
    "DRIVERIDWARRANTM" VARCHAR_IGNORECASE(25),
    "REASON" VARCHAR_IGNORECASE(255),
    "WARRANTDATE" VARCHAR_IGNORECASE(255),
    "OUTSTANDING" VARCHAR_IGNORECASE(255)
);            
ALTER TABLE "TCRS"."DRIVERWARRANTSMUNICIPLE" ADD CONSTRAINT "TCRS"."CONSTRAINT_15" PRIMARY KEY("WARRANTID");   
-- 10 +/- SELECT COUNT(*) FROM TCRS.DRIVERWARRANTSMUNICIPLE;   
INSERT INTO "TCRS"."DRIVERWARRANTSMUNICIPLE" VALUES
(1, 'A12345678912345', 'Speeding', '2023-05-14', 'Yes'),
(2, 'B23456789023456', 'Reckless driving', 'YYYY-MM-DD', 'Yes'),
(3, 'C34567890134567', 'Driving without license', '2021-09-22', 'No'),
(4, 'D45678901245678', 'DUI', 'YYYY-MM-DD', 'Yes'),
(5, 'E56789012356789', 'Running red light', '2023-11-11', 'Yes'),
(6, 'F67890123467890', 'Driving with suspended license', '2024-03-29', 'No'),
(7, 'G78901234578901', 'Failure to yield', '2022-08-18', 'Yes'),
(8, 'H89012345689012', 'Improper lane change', 'YYYY-MM-DD', 'No'),
(9, 'I90123456790123', 'Hit and run', 'YYYY-MM-DD', 'Yes'),
(10, 'J01234567801234', 'Driving without insurance', '2022-10-30', 'Yes');           
CREATE CACHED TABLE "TCRS"."DRIVERWARRANTSPROV"(
    "WARRANTID" INTEGER GENERATED BY DEFAULT AS IDENTITY(START WITH 1) NOT NULL,
    "DRIVERIDWARRANTP" VARCHAR_IGNORECASE(25),
    "REASON" VARCHAR_IGNORECASE(255),
    "WARRANTDATE" VARCHAR_IGNORECASE(255),
    "OUTSTANDING" VARCHAR_IGNORECASE(255)
); 
ALTER TABLE "TCRS"."DRIVERWARRANTSPROV" ADD CONSTRAINT "TCRS"."CONSTRAINT_11" PRIMARY KEY("WARRANTID");        
-- 10 +/- SELECT COUNT(*) FROM TCRS.DRIVERWARRANTSPROV;        
INSERT INTO "TCRS"."DRIVERWARRANTSPROV" VALUES
(1, 'A12345678912345', 'Speeding', '2023-05-14', 'Yes'),
(2, 'B23456789023456', 'Reckless driving', 'YYYY-DD-08', 'Yes'),
(3, 'C34567890134567', 'Driving without license', '2021-09-22', 'No'),
(4, 'D45678901245678', 'DUI', 'YYYY-DD-03', 'Yes'),
(5, 'E56789012356789', 'Running red light', '2023-11-11', 'Yes'),
(6, 'F67890123467890', 'Driving with suspended license', '2024-03-29', 'No'),
(7, 'G78901234578901', 'Failure to yield', '2022-08-18', 'Yes'),
(8, 'H89012345689012', 'Improper lane change', 'YYYY-DD-05', 'No'),
(9, 'I90123456790123', 'Hit and run', 'YYYY-DD-09', 'Yes'),
(10, 'J01234567801234', 'Driving without insurance', '2022-10-30', 'Yes');
CREATE CACHED TABLE "TCRS"."DRIVINGCITATIONSMUNICIPLE"(
    "CITATIONID" INTEGER GENERATED BY DEFAULT AS IDENTITY(START WITH 1 RESTART WITH 11) NOT NULL,
    "ISSUEINGOFFICERIDM" VARCHAR_IGNORECASE(10),
    "DRIVERIDCITATIONM" VARCHAR_IGNORECASE(25),
    "CITATIONREASON" VARCHAR_IGNORECASE(255),
    "CITATIONDATE" VARCHAR_IGNORECASE(255),
    "FINEAMOUNT" VARCHAR_IGNORECASE(255),
    "PAYMENTSTATUS" VARCHAR_IGNORECASE(255),
    "REPORTABLE" VARCHAR_IGNORECASE(255)
);        
ALTER TABLE "TCRS"."DRIVINGCITATIONSMUNICIPLE" ADD CONSTRAINT "TCRS"."CONSTRAINT_7" PRIMARY KEY("CITATIONID"); 
-- 10 +/- SELECT COUNT(*) FROM TCRS.DRIVINGCITATIONSMUNICIPLE; 
INSERT INTO "TCRS"."DRIVINGCITATIONSMUNICIPLE" VALUES
(1, '10001', 'A12345678912345', 'Speeding', '2014-05-06', '150', 'Paid', 'Yes'),
(2, '10001', 'B23456789023456', 'DUI', '2002-09-15', '400', 'Unpaid', 'Yes'),
(3, '10002', 'C34567890134567', 'Moving Vehicle Code Violation', '2019-06-29', '250', 'Paid', 'TBD'),
(4, '10002', 'A12345678912345', 'Speeding', '2008-08-18', '200', 'Paid', 'Yes'),
(5, '10006', 'E56789012356789', 'Reckless Driving', '2013-09-15', '300', 'Unpaid', 'Yes'),
(6, '10006', 'J01234567801234', 'Speeding', '2012-09-15', '200', 'Paid', 'Yes'),
(7, '10002', 'G78901234578901', 'DUI', '2017-04-23', '400', 'Unpaid', 'Yes'),
(8, '10007', 'H89012345689012', 'Speeding', '2002-09-15', '200', 'Paid', 'Yes'),
(9, '10008', 'B23456789023456', 'Reckless Driving', '2015-07-14', '300', 'Paid', 'Yes'),
(10, '10001', 'J01234567801234', 'Moving Vehicle Code Violation', '2000-01-19', '250', 'Unpaid', 'TBD');       
CREATE CACHED TABLE "TCRS"."DRIVINGCITATIONSPROV"(
    "CITATIONID" INTEGER NOT NULL,
    "ISSUEINGOFFICERIDP" VARCHAR_IGNORECASE(10),
    "DRIVERIDCITATIONP" VARCHAR_IGNORECASE(25),
    "CITATIONREASON" VARCHAR_IGNORECASE(255),
    "CITATIONDATE" VARCHAR_IGNORECASE(255),
    "FINEAMOUNT" VARCHAR_IGNORECASE(255),
    "PAYMENTSTATUS" VARCHAR_IGNORECASE(255)
);      
ALTER TABLE "TCRS"."DRIVINGCITATIONSPROV" ADD CONSTRAINT "TCRS"."CONSTRAINT_88" PRIMARY KEY("CITATIONID");     
-- 8 +/- SELECT COUNT(*) FROM TCRS.DRIVINGCITATIONSPROV;       
INSERT INTO "TCRS"."DRIVINGCITATIONSPROV" VALUES
(1, '10001', 'A12345678912345', 'Speeding', '2014-05-06', '150', 'Paid'),
(2, '10001', 'B23456789023456', 'DUI', '2002-09-15', '400', 'Unpaid'),
(4, '10002', 'A12345678912345', 'Speeding', '2008-08-18', '200', 'Paid'),
(5, '10006', 'E56789012356789', 'Reckless Driving', '2013-09-15', '300', 'Unpaid'),
(6, '10006', 'J01234567801234', 'Speeding', '2012-09-15', '200', 'Paid'),
(7, '10002', 'G78901234578901', 'DUI', '2017-04-23', '400', 'Unpaid'),
(8, '10007', 'H89012345689012', 'Speeding', '2002-09-15', '200', 'Paid'),
(9, '10008', 'B23456789023456', 'Reckless Driving', '2015-07-14', '300', 'Paid');   
CREATE CACHED TABLE "TCRS"."TRAFFICSCHOOL"(
    "CITATIONIDTS" INTEGER NOT NULL,
    "SESSION1DATE" VARCHAR_IGNORECASE(255),
  "SESSION2DATE" VARCHAR_IGNORECASE(255),
  "SESSION3DATE" VARCHAR_IGNORECASE(255),
  "SESSION4DATE" VARCHAR_IGNORECASE(255),
    "SESSION1ATTENDANCE" VARCHAR_IGNORECASE(255),
"SESSION2ATTENDANCE" VARCHAR_IGNORECASE(255),
"SESSION3ATTENDANCE" VARCHAR_IGNORECASE(255),
"SESSION4ATTENDANCE" VARCHAR_IGNORECASE(255)
);               
ALTER TABLE "TCRS"."TRAFFICSCHOOL" ADD CONSTRAINT "TCRS"."CONSTRAINT_E" PRIMARY KEY("CITATIONIDTS");              
-- 2 +/- SELECT COUNT(*) FROM TCRS.TRAFFICSCHOOL;              
INSERT INTO "TCRS"."TRAFFICSCHOOL" VALUES
( 3, '2023-08-02',  '2023-08-10','2023-08-10', '2023-08-15', 'Yes',  'Yes',  'Yes', 'Yes'),
 (10, '2023-09-02', '2023-09-02', '2023-10-02', '2023-10-02', 'No',  'No', 'Yes', 'Yes');
CREATE CACHED TABLE "TCRS"."ACCOUNTS"(
    "ACCOUNTID" INTEGER GENERATED BY DEFAULT AS IDENTITY(START WITH 1) NOT NULL,
    "USERNAME" VARCHAR_IGNORECASE(255),
    "PASSWORDACC" VARCHAR_IGNORECASE(255),
    "FIRSTNAME" VARCHAR_IGNORECASE(255),
    "LASTNAME" VARCHAR_IGNORECASE(255),
    "AGENCY" VARCHAR_IGNORECASE(255)
);            
ALTER TABLE "TCRS"."ACCOUNTS" ADD CONSTRAINT "TCRS"."CONSTRAINT_A" PRIMARY KEY("ACCOUNTID");   
-- 10 +/- SELECT COUNT(*) FROM TCRS.ACCOUNTS;  
INSERT INTO "TCRS"."ACCOUNTS" VALUES
(1, 'badewale', '239592830', 'Banki', 'Adewale', 'Admin'),
(2, 'gamjoun', '239349660', 'Ghizlane', 'Amjoun', 'Admin'),
(3, 'brajaie', '239394290', 'Ben', 'Rajaie', 'Admin'),
(4, 'kuwaechi', '199677980', 'Kennedy', 'Uwaechi', 'Admin'),
(5, 'sjohn', '10002', 'Smith', 'John', 'Provincial'),
(6, 'jdavid', '10003', 'Johnson', 'David', 'Local'),
(7, 'wchris', '10004', 'Williams', 'Chris', 'Provincial'),
(8, 'bmike', '10005', 'Brown', 'Mike', 'Local'),
(9, 'jsarah', '10006', 'Jones', 'Sarah', 'Provincial'),
(10, 'grobert', '10007', 'Garcia', 'Robert', 'Local');          
ALTER TABLE "TCRS"."DRIVERWARRANTSMUNICIPLE" ADD CONSTRAINT "TCRS"."CONSTRAINT_15D" FOREIGN KEY("DRIVERIDWARRANTM") REFERENCES "TCRS"."DRIVERINFO"("LICENSENUMBER") NOCHECK;   
ALTER TABLE "TCRS"."DRIVERWARRANTSPROV" ADD CONSTRAINT "TCRS"."CONSTRAINT_117" FOREIGN KEY("WARRANTID") REFERENCES "TCRS"."DRIVERWARRANTSMUNICIPLE"("WARRANTID") NOCHECK;      
ALTER TABLE "TCRS"."DRIVINGCITATIONSMUNICIPLE" ADD CONSTRAINT "TCRS"."CONSTRAINT_711" FOREIGN KEY("DRIVERIDCITATIONM") REFERENCES "TCRS"."DRIVERINFO"("LICENSENUMBER") NOCHECK;
ALTER TABLE "TCRS"."DRIVINGCITATIONSMUNICIPLE" ADD CONSTRAINT "TCRS"."CONSTRAINT_71" FOREIGN KEY("ISSUEINGOFFICERIDM") REFERENCES "TCRS"."OFFICERINFO"("BADGENUMBER") NOCHECK; 
ALTER TABLE "TCRS"."DRIVINGCITATIONSPROV" ADD CONSTRAINT "TCRS"."CONSTRAINT_885A" FOREIGN KEY("ISSUEINGOFFICERIDP") REFERENCES "TCRS"."OFFICERINFO"("BADGENUMBER") NOCHECK;    
ALTER TABLE "TCRS"."VEHICLECITATIONSPROV" ADD CONSTRAINT "TCRS"."CONSTRAINT_C205" FOREIGN KEY("VINCITATIONP") REFERENCES "TCRS"."VEHICLEINFO"("VIN") NOCHECK;  
ALTER TABLE "TCRS"."VEHICLEWARRANTSMUNICIPLE" ADD CONSTRAINT "TCRS"."CONSTRAINT_3A9" FOREIGN KEY("VINWARRANTM") REFERENCES "TCRS"."VEHICLEINFO"("VIN") NOCHECK;
ALTER TABLE "TCRS"."VEHICLECITATIONSPROV" ADD CONSTRAINT "TCRS"."CONSTRAINT_C2" FOREIGN KEY("CITATIONID") REFERENCES "TCRS"."VEHICLECITATIONSMUNICIPLE"("CITATIONID") NOCHECK; 
ALTER TABLE "TCRS"."VEHICLEWARRANTSPROV" ADD CONSTRAINT "TCRS"."CONSTRAINT_2B" FOREIGN KEY("WARRANTIDVP") REFERENCES "TCRS"."VEHICLEWARRANTSMUNICIPLE"("WARRANTIDVM") NOCHECK; 
ALTER TABLE "TCRS"."TRAFFICSCHOOL" ADD CONSTRAINT "TCRS"."CONSTRAINT_E7" FOREIGN KEY("CITATIONIDTS") REFERENCES "TCRS"."DRIVINGCITATIONSMUNICIPLE"("CITATIONID") NOCHECK;      
ALTER TABLE "TCRS"."VEHICLECITATIONSPROV" ADD CONSTRAINT "TCRS"."CONSTRAINT_C20" FOREIGN KEY("ISSUEINGOFFICERIDP") REFERENCES "TCRS"."OFFICERINFO"("BADGENUMBER") NOCHECK;     
ALTER TABLE "TCRS"."DRIVINGCITATIONSPROV" ADD CONSTRAINT "TCRS"."CONSTRAINT_885" FOREIGN KEY("CITATIONID") REFERENCES "TCRS"."DRIVINGCITATIONSMUNICIPLE"("CITATIONID") NOCHECK;
ALTER TABLE "TCRS"."VEHICLEWARRANTSPROV" ADD CONSTRAINT "TCRS"."CONSTRAINT_2BC" FOREIGN KEY("VINWARRANTP") REFERENCES "TCRS"."VEHICLEINFO"("VIN") NOCHECK;     
ALTER TABLE "TCRS"."DRIVINGCITATIONSPROV" ADD CONSTRAINT "TCRS"."CONSTRAINT_885AD" FOREIGN KEY("DRIVERIDCITATIONP") REFERENCES "TCRS"."DRIVERINFO"("LICENSENUMBER") NOCHECK;   
ALTER TABLE "TCRS"."VEHICLECITATIONSMUNICIPLE" ADD CONSTRAINT "TCRS"."CONSTRAINT_1B" FOREIGN KEY("ISSUEINGOFFICERIDM") REFERENCES "TCRS"."OFFICERINFO"("BADGENUMBER") NOCHECK; 
ALTER TABLE "TCRS"."DRIVERWARRANTSPROV" ADD CONSTRAINT "TCRS"."CONSTRAINT_1179" FOREIGN KEY("DRIVERIDWARRANTP") REFERENCES "TCRS"."DRIVERINFO"("LICENSENUMBER") NOCHECK;       
ALTER TABLE "TCRS"."VEHICLECITATIONSMUNICIPLE" ADD CONSTRAINT "TCRS"."CONSTRAINT_1B4" FOREIGN KEY("VINCITATIONM") REFERENCES "TCRS"."VEHICLEINFO"("VIN") NOCHECK;              
